{
  "forge_marker": 1,
  "defaults": {
    "model": "efab:empty_model"
  },
  "variants": {
    "normal": [{}],
    "inventory": [
      {
        "custom": { "flip-v": true },
        "model": "efab:pipeblock.obj",
        "transform": {
          "gui": {
            "scale": 0.9,
            "translation": [0.4, 0.2, 0.4],
            "rotation": [{"x": 15},{"y": 45}]
          },
          "ground": {
            "scale": 0.55
          },
          "firstperson": {
            "scale": 0.55
          },
          "thirdperson": {
            "scale": 0.55
          }
        }
      }
    ],
    "facing": {
      "south": {},
      "north": { "y": 180 },
      "east": { "y": 270 },
      "west": { "y": 90 }
    },
    "state": {
      "0": {
        "submodel": {
          "s0": { "custom": { "flip-v": true }, "model": "efab:pipe.obj", "transform": { "translation": [-0.75, 0.25, 0.25], "rotation": [{"z": 90}] } },       // DOWN, BACK, LEFT  OK
          "s1": { "custom": { "flip-v": true }, "model": "efab:pipebend.obj", "transform": { "translation": [-0.25, -0.75, 0.25], "rotation": [{"z": 180}] } },   // DOWN, BACK, RIGHT   OK
          "s2": { "custom": { "flip-v": true }, "model": "efab:pipebend.obj", "transform": { "translation": [0.25, 0.75, -0.75], "rotation": [{"x": -90}] } },   // UP, BACK, LEFT  OK
          "s3": { "custom": { "flip-v": true }, "model": "efab:pipeblock.obj", "transform": { "translation": [0.75, 0.75, -0.75], "rotation": [{"y": 90}] } },  // UP, BACK, RIGHT    OK
          "s4": { "custom": { "flip-v": true }, "model": "efab:pipebend.obj", "transform": { "translation": [0.25, 0.25, 0.75] } },   // DOWN, FRONT, LEFT      OK
          "s5": { "custom": { "flip-v": true }, "model": "efab:pipebend.obj", "transform": { "translation": [-0.25, -0.75, 0.75], "rotation": [{"z":180}] } },   // DOWN, FRONT, RIGHT  OK
          "s6": { "custom": { "flip-v": true }, "model": "efab:pipe.obj", "transform": { "translation": [0.25, -0.25, 0.75], "rotation": [{"x": 90}] } },       // UP, FRONT, LEFT    OK
          "s7": { "custom": { "flip-v": true }, "model": "efab:pipe.obj", "transform": { "translation": [0.75, 0.75, 0.75] } }        // UP, FRONT, RIGHT       OK
//          "s0": { "custom": { "flip-v": true }, "model": "efab:pipeblock.obj", "transform": { "rotation": {"y":180}, "translation": [-0.5, 0, -0.5]          } },
//          "s1": { "custom": { "flip-v": true }, "model": "efab:pipe.obj", "transform": { "translation": [0.5, 0, 0]        } },
//          "s2": { "custom": { "flip-v": true }, "model": "efab:pipe.obj", "transform": { "translation": [0, 0.5, 0]        } },
//          "s3": { "custom": { "flip-v": true }, "model": "efab:pipebend.obj", "transform": { "translation": [0.5, 0.5, 0]      } },
//          "s4": { "custom": { "flip-v": true }, "model": "efab:pipe.obj", "transform": { "translation": [0.5, 0, 0.5]      } },
//          "s5": { "custom": { "flip-v": true }, "model": "efab:pipe.obj", "transform": { "translation": [0.5, 0.5, 0.5]    } },
//          "s6": { "custom": { "flip-v": true }, "model": "efab:pipe.obj", "transform": { "translation": [0, 0.5, 0.5]      } },
//          "s7": { "custom": { "flip-v": true }, "model": "efab:pipebend.obj", "transform": { "rotation": [ { "x": 180}, {"y":90} ],  "translation": [0, -0.5, 0.5]        } }
        }
      },
      "1": {
        "submodel": {
          "s0": { "custom": { "flip-v": true }, "model": "efab:pipe.obj", "transform": { "translation": [-0.75, 0.25, 0.25], "rotation": [{"z": 90}] } },       // DOWN, BACK, LEFT   OK
          "s1": { "custom": { "flip-v": true }, "model": "efab:pipebend.obj", "transform": { "translation": [-0.25, -0.75, 0.25], "rotation": [{"z": 180}] } },   // DOWN, BACK, RIGHT  OK
          "s2": { "custom": { "flip-v": true }, "model": "efab:pipebend.obj", "transform": { "translation": [-0.75, -0.25, -0.75], "rotation": [{"y": 180}, {"x": 90}] } },   // UP, BACK, LEFT  OK
          "s3": { "custom": { "flip-v": true }, "model": "efab:pipe.obj", "transform": { "translation": [0.75, 0.75, -0.75], "rotation": [{"y": 90}] } },  // UP, BACK, RIGHT   OK
          "s4": { "custom": { "flip-v": true }, "model": "efab:pipebend.obj", "transform": { "translation": [0.25, -0.75, 0.75], "rotation": [{"x":180}, {"y":90}] } },   // DOWN, FRONT, LEFT  OK
          "s5": { "custom": { "flip-v": true }, "model": "efab:pipe.obj", "transform": { "translation": [-0.25, -0.75, 0.75], "rotation": [{"z":180}] } },   // DOWN, FRONT, RIGHT
          "s6": { "custom": { "flip-v": true }, "model": "efab:pipeblock.obj", "transform": { "translation": [0.25, 0.75, 0.75] } },       // UP, FRONT, LEFT
          "s7": { "custom": { "flip-v": true }, "model": "efab:pipebend.obj", "transform": { "translation": [0.75, 0.75, 0.75] } }        // UP, FRONT, RIGHT
        }
      }
    }
  }
}